"VR","Version 2.0","","","","","","","","","","","","","","","","",""
"HD","Job ID","Job Name","Sheet Set Name","Category Name","Date and Time Started","Date and Time Completed","USERID","Profile ID","SheetName","Full File Path","Selected Layout Name","Page Setup Name","Named Page Setup Path","Device Name","Plot File Path","Paper Size Name","Plotted to 3DDWF","Final Status"
"JS","1","","","","6/20/2019 9:27:32 AM","","dngo","<<Unnamed Profile>>","","","","","","","","","",""
"SH","1","","","","6/20/2019 9:27:32 AM","6/20/2019 9:27:32 AM","","","","C:\Users\dngo\Documents\P_Notes tankless calcs.dwg","P-0.1","30x42 PDF","","DWG To PDF.pc3","C:\Users\dngo\AppData\Local\Temp\GEPrinting\Plots\P_Notes tankless calcs_dwg\P-0.1.pdf","ARCH full bleed E1 (30.00 x 42.00 Inches)","0","Plotted"
"JF","1","","","","","6/20/2019 9:27:32 AM","","","","","","","","","","","","Plotted"
"JS","2","","","","6/20/2019 9:27:32 AM","","dngo","<<Unnamed Profile>>","","","","","","","","","",""
"SH","2","","","","6/20/2019 9:27:32 AM","6/20/2019 9:27:32 AM","","","","C:\Users\dngo\Documents\P_Notes tankless calcs.dwg","P-0.2","30x42 PDF","","DWG To PDF.pc3","C:\Users\dngo\AppData\Local\Temp\GEPrinting\Plots\P_Notes tankless calcs_dwg\P-0.2.pdf","ARCH full bleed E1 (30.00 x 42.00 Inches)","0","Plotted"
"JF","2","","","","","6/20/2019 9:27:32 AM","","","","","","","","","","","","Plotted"
"JS","3","","","","6/20/2019 9:27:32 AM","","dngo","<<Unnamed Profile>>","","","","","","","","","",""
"SH","3","","","","6/20/2019 9:27:32 AM","6/20/2019 9:27:32 AM","","","","C:\Users\dngo\Documents\P_Notes tankless calcs.dwg","P-0.3","30x42 PDF","","DWG To PDF.pc3","C:\Users\dngo\AppData\Local\Temp\GEPrinting\Plots\P_Notes tankless calcs_dwg\P-0.3.pdf","ARCH full bleed E1 (30.00 x 42.00 Inches)","0","Plotted"
"JF","3","","","","","6/20/2019 9:27:32 AM","","","","","","","","","","","","Plotted"
"JS","1","","","","6/20/2019 9:36:30 AM","","dngo","<<Unnamed Profile>>","","","","","","","","","",""
"SH","1","","","","6/20/2019 9:36:30 AM","6/20/2019 9:36:30 AM","","","","C:\Users\dngo\Documents\DC2.dwg","Layout1","OCE 24x36","","DWG To PDF.pc3","C:\Users\dngo\AppData\Local\Temp\GEPrinting\Plots\DC2_dwg\Layout1.pdf","ARCH full bleed D (24.00 x 36.00 Inches)","0","Plotted"
"JF","1","","","","","6/20/2019 9:36:30 AM","","","","","","","","","","","","Plotted"
"JS","1","","","","6/20/2019 9:41:33 AM","","dngo","<<Unnamed Profile>>","","","","","","","","","",""
"SH","1","","","","6/20/2019 9:41:33 AM","6/20/2019 9:41:33 AM","","","","C:\Users\dngo\Documents\DC1.dwg","8.5x11","","","DWG To PDF.pc3","C:\Users\dngo\AppData\Local\Temp\GEPrinting\Plots\DC1_dwg\8.5x11.pdf","ARCH full bleed D (24.00 x 36.00 Inches)","0","Plotted"
"JF","1","","","","","6/20/2019 9:41:33 AM","","","","","","","","","","","","Plotted"
"JS","2","","","","6/20/2019 9:41:33 AM","","dngo","<<Unnamed Profile>>","","","","","","","","","",""
"SH","2","","","","6/20/2019 9:41:33 AM","6/20/2019 9:41:33 AM","","","","C:\Users\dngo\Documents\DC1.dwg","Layout1","OCE 24x36","","DWG To PDF.pc3","C:\Users\dngo\AppData\Local\Temp\GEPrinting\Plots\DC1_dwg\Layout1.pdf","ARCH full bleed D (24.00 x 36.00 Inches)","0","Plotted"
"JF","2","","","","","6/20/2019 9:41:33 AM","","","","","","","","","","","","Plotted"
"JS","1","","","","6/20/2019 11:16:02 AM","","dngo","<<Unnamed Profile>>","","","","","","","","","",""
"SH","1","","","","6/20/2019 11:16:02 AM","6/20/2019 11:16:02 AM","","","","G:\63748\Street Light\3748-SL-1.dwg","S-RW (24x36)","OCE 24x36","","DWG To PDF.pc3","C:\Users\dngo\AppData\Local\Temp\GEPrinting\Plots\3748-SL-1_dwg\S-RW (24x36).pdf","ARCH full bleed D (24.00 x 36.00 Inches)","0","Plotted"
"JF","1","","","","","6/20/2019 11:16:02 AM","","","","","","","","","","","","Plotted"
"JS","1","","","","6/20/2019 11:19:54 AM","","dngo","<<Unnamed Profile>>","","","","","","","","","",""
"SH","1","","","","6/20/2019 11:19:54 AM","6/20/2019 11:20:05 AM","","","","M:\Name\ATran\64889\STRUCTURAL\PLAN\4889_PLAN 6.dwg","S-6.1","OCE 30x42","","DWG To PDF.pc3","C:\Users\dngo\AppData\Local\Temp\GEPrinting\Plots\4889_PLAN 6_dwg\S-6.1.pdf","ARCH full bleed E1 (30.00 x 42.00 Inches)","0","Plotted"
"JF","1","","","","","6/20/2019 11:20:05 AM","","","","","","","","","","","","Plotted"
"JS","1","","","","6/20/2019 11:20:35 AM","","dngo","<<Unnamed Profile>>","","","","","","","","","",""
"SH","1","","","","6/20/2019 11:20:35 AM","6/20/2019 11:20:41 AM","","","","M:\Name\ATran\64889\STRUCTURAL\PLAN\4889_PLAN 6.dwg","S-6.3","OCE 30x42","","DWG To PDF.pc3","C:\Users\dngo\AppData\Local\Temp\GEPrinting\Plots\4889_PLAN 6_dwg\S-6.3.pdf","ARCH full bleed E1 (30.00 x 42.00 Inches)","0","Plotted"
"JF","1","","","","","6/20/2019 11:20:41 AM","","","","","","","","","","","","Plotted"
"JS","2","","","","6/20/2019 11:20:47 AM","","dngo","<<Unnamed Profile>>","","","","","","","","","",""
"SH","2","","","","6/20/2019 11:20:47 AM","6/20/2019 11:21:12 AM","","","","M:\Name\ATran\64889\STRUCTURAL\PLAN\4889_PLAN 6.dwg","S-6.1A","OCE 30x42","","DWG To PDF.pc3","C:\Users\dngo\AppData\Local\Temp\GEPrinting\Plots\4889_PLAN 6_dwg\S-6.1A.pdf","ARCH full bleed E1 (30.00 x 42.00 Inches)","0","Plotted"
"JF","2","","","","","6/20/2019 11:21:12 AM","","","","","","","","","","","","Plotted"
"JS","2","","","","6/20/2019 11:22:00 AM","","dngo","<<Unnamed Profile>>","","","","","","","","","",""
"SH","2","","","","6/20/2019 11:22:00 AM","6/20/2019 11:22:12 AM","","","","M:\Name\ATran\64889\STRUCTURAL\PLAN\4889_PLAN 6.dwg","S-6.4","OCE 30x42","","DWG To PDF.pc3","C:\Users\dngo\AppData\Local\Temp\GEPrinting\Plots\4889_PLAN 6_dwg\S-6.4.pdf","ARCH full bleed E1 (30.00 x 42.00 Inches)","0","Plotted"
"JF","2","","","","","6/20/2019 11:22:12 AM","","","","","","","","","","","","Plotted"
"JS","3","","","","6/20/2019 11:22:39 AM","","dngo","<<Unnamed Profile>>","","","","","","","","","",""
"SH","3","","","","6/20/2019 11:22:39 AM","6/20/2019 11:22:49 AM","","","","M:\Name\ATran\64889\STRUCTURAL\PLAN\4889_PLAN 6.dwg","S-6.2","OCE 30x42","","DWG To PDF.pc3","C:\Users\dngo\AppData\Local\Temp\GEPrinting\Plots\4889_PLAN 6_dwg\S-6.2.pdf","ARCH full bleed E1 (30.00 x 42.00 Inches)","0","Plotted"
"JF","3","","","","","6/20/2019 11:22:49 AM","","","","","","","","","","","","Plotted"
"JS","3","","","","6/20/2019 11:23:32 AM","","dngo","<<Unnamed Profile>>","","","","","","","","","",""
"SH","3","","","","6/20/2019 11:23:32 AM","6/20/2019 11:23:38 AM","","","","M:\Name\ATran\64889\STRUCTURAL\PLAN\4889_PLAN 6.dwg","S-6.5","OCE 30x42","","DWG To PDF.pc3","C:\Users\dngo\AppData\Local\Temp\GEPrinting\Plots\4889_PLAN 6_dwg\S-6.5.pdf","ARCH full bleed E1 (30.00 x 42.00 Inches)","0","Plotted"
"JF","3","","","","","6/20/2019 11:23:38 AM","","","","","","","","","","","","Plotted"
"JS","1","","","","6/20/2019 11:25:08 AM","","dngo","<<Unnamed Profile>>","","","","","","","","","",""
"SH","1","","","","6/20/2019 11:25:08 AM","6/20/2019 11:25:13 AM","","","","M:\Name\ATran\64889\STRUCTURAL\PLAN\4889_PLAN 6.dwg","S-6.6","OCE 30x42","","DWG To PDF.pc3","C:\Users\dngo\AppData\Local\Temp\GEPrinting\Plots\4889_PLAN 6_dwg\S-6.6.pdf","ARCH full bleed E1 (30.00 x 42.00 Inches)","0","Plotted"
"JF","1","","","","","6/20/2019 11:25:13 AM","","","","","","","","","","","","Plotted"
"JS","2","","","","6/20/2019 11:25:59 AM","","dngo","<<Unnamed Profile>>","","","","","","","","","",""
"SH","2","","","","6/20/2019 11:25:59 AM","6/20/2019 11:26:01 AM","","","","M:\Name\ATran\64889\STRUCTURAL\PLAN\4889_PLAN 6.dwg","S-6.7","OCE 30x42","","DWG To PDF.pc3","C:\Users\dngo\AppData\Local\Temp\GEPrinting\Plots\4889_PLAN 6_dwg\S-6.7.pdf","ARCH full bleed E1 (30.00 x 42.00 Inches)","0","Plotted"
"JF","2","","","","","6/20/2019 11:26:01 AM","","","","","","","","","","","","Plotted"
"JS","1","","","","6/20/2019 11:41:51 AM","","dngo","<<Unnamed Profile>>","","","","","","","","","",""
"SH","1","","","","6/20/2019 11:41:51 AM","6/20/2019 11:41:51 AM","","","","C:\Users\dngo\Documents\AAA1.dwg","8.5x11","","","DWG To PDF.pc3","C:\Users\dngo\AppData\Local\Temp\GEPrinting\Plots\AAA1_dwg\8.5x11.pdf","ARCH full bleed D (24.00 x 36.00 Inches)","0","Plotted"
"JF","1","","","","","6/20/2019 11:41:51 AM","","","","","","","","","","","","Plotted"
"JS","1","","","","6/20/2019 11:47:57 AM","","dngo","<<Unnamed Profile>>","","","","","","","","","",""
"SH","1","","","","6/20/2019 11:47:57 AM","6/20/2019 11:47:57 AM","","","","C:\Users\dngo\Documents\DD.dwg","8.5x11","","","DWG To PDF.pc3","C:\Users\dngo\AppData\Local\Temp\GEPrinting\Plots\DD_dwg\8.5x11.pdf","ARCH full bleed D (24.00 x 36.00 Inches)","0","Plotted"
"JF","1","","","","","6/20/2019 11:47:57 AM","","","","","","","","","","","","Plotted"
"JS","2","","","","6/20/2019 11:47:57 AM","","dngo","<<Unnamed Profile>>","","","","","","","","","",""
"SH","2","","","","6/20/2019 11:47:57 AM","6/20/2019 11:47:57 AM","","","","C:\Users\dngo\Documents\DD.dwg","Layout1","OCE 24x36","","DWG To PDF.pc3","C:\Users\dngo\AppData\Local\Temp\GEPrinting\Plots\DD_dwg\Layout1.pdf","ARCH full bleed D (24.00 x 36.00 Inches)","0","Plotted"
"JF","2","","","","","6/20/2019 11:47:57 AM","","","","","","","","","","","","Plotted"
"JS","1","","","","6/20/2019 11:50:04 AM","","dngo","<<Unnamed Profile>>","","","","","","","","","",""
"SH","1","","","","6/20/2019 11:50:04 AM","6/20/2019 11:50:08 AM","","","","M:\Name\ATran\64889\STRUCTURAL\PLAN\4889_PLAN 5.dwg","S-5.1","OCE 30x42 Bluebeam PDF","","DWG To PDF.pc3","C:\Users\dngo\AppData\Local\Temp\GEPrinting\Plots\4889_PLAN 5_dwg\S-5.1.pdf","ARCH full bleed E1 (30.00 x 42.00 Inches)","0","Plotted"
"JF","1","","","","","6/20/2019 11:50:08 AM","","","","","","","","","","","","Plotted"
"JS","1","","","","6/20/2019 11:50:06 AM","","dngo","<<Unnamed Profile>>","","","","","","","","","",""
"SH","1","","","","6/20/2019 11:50:07 AM","6/20/2019 11:50:10 AM","","","","M:\Name\ATran\64889\STRUCTURAL\PLAN\4889_PLAN 5.dwg","S-5.4","OCE 30x42 Bluebeam PDF","","DWG To PDF.pc3","C:\Users\dngo\AppData\Local\Temp\GEPrinting\Plots\4889_PLAN 5_dwg\S-5.4.pdf","ARCH full bleed E1 (30.00 x 42.00 Inches)","0","Plotted"
"JF","1","","","","","6/20/2019 11:50:10 AM","","","","","","","","","","","","Plotted"
"JS","2","","","","6/20/2019 11:50:12 AM","","dngo","<<Unnamed Profile>>","","","","","","","","","",""
"SH","2","","","","6/20/2019 11:50:12 AM","6/20/2019 11:50:17 AM","","","","M:\Name\ATran\64889\STRUCTURAL\PLAN\4889_PLAN 5.dwg","S-5.2","OCE 30x42 Bluebeam PDF","","DWG To PDF.pc3","C:\Users\dngo\AppData\Local\Temp\GEPrinting\Plots\4889_PLAN 5_dwg\S-5.2.pdf","ARCH full bleed E1 (30.00 x 42.00 Inches)","0","Plotted"
"JF","2","","","","","6/20/2019 11:50:17 AM","","","","","","","","","","","","Plotted"
"JS","2","","","","6/20/2019 11:50:15 AM","","dngo","<<Unnamed Profile>>","","","","","","","","","",""
"SH","2","","","","6/20/2019 11:50:15 AM","6/20/2019 11:50:19 AM","","","","M:\Name\ATran\64889\STRUCTURAL\PLAN\4889_PLAN 5.dwg","S-5.5","OCE 30x42 Bluebeam PDF","","DWG To PDF.pc3","C:\Users\dngo\AppData\Local\Temp\GEPrinting\Plots\4889_PLAN 5_dwg\S-5.5.pdf","ARCH full bleed E1 (30.00 x 42.00 Inches)","0","Plotted"
"JF","2","","","","","6/20/2019 11:50:19 AM","","","","","","","","","","","","Plotted"
"JS","3","","","","6/20/2019 11:50:22 AM","","dngo","<<Unnamed Profile>>","","","","","","","","","",""
"SH","3","","","","6/20/2019 11:50:22 AM","6/20/2019 11:50:24 AM","","","","M:\Name\ATran\64889\STRUCTURAL\PLAN\4889_PLAN 5.dwg","S-5.3","OCE 30x42 Bluebeam PDF","","DWG To PDF.pc3","C:\Users\dngo\AppData\Local\Temp\GEPrinting\Plots\4889_PLAN 5_dwg\S-5.3.pdf","ARCH full bleed E1 (30.00 x 42.00 Inches)","0","Plotted"
"JF","3","","","","","6/20/2019 11:50:24 AM","","","","","","","","","","","","Plotted"
"JS","1","","","","6/20/2019 11:55:56 AM","","dngo","<<Unnamed Profile>>","","","","","","","","","",""
"SH","1","","","","6/20/2019 11:55:56 AM","6/20/2019 11:55:59 AM","","","","M:\Name\ATran\64889\STRUCTURAL\PLAN\4889_PLAN 2.dwg","S-2.1C","","","DWG To PDF.pc3","C:\Users\dngo\AppData\Local\Temp\GEPrinting\Plots\4889_PLAN 2_dwg\S-2.1C.pdf","ARCH full bleed E1 (30.00 x 42.00 Inches)","0","Plotted"
"JF","1","","","","","6/20/2019 11:55:59 AM","","","","","","","","","","","","Plotted"
"JS","1","","","","6/20/2019 11:56:14 AM","","dngo","<<Unnamed Profile>>","","","","","","","","","",""
"SH","1","","","","6/20/2019 11:56:14 AM","6/20/2019 11:56:39 AM","","","","M:\Name\ATran\64889\STRUCTURAL\PLAN\4889_PLAN 2.dwg","S-2.1","","","DWG To PDF.pc3","C:\Users\dngo\AppData\Local\Temp\GEPrinting\Plots\4889_PLAN 2_dwg\S-2.1.pdf","ARCH full bleed E1 (30.00 x 42.00 Inches)","0","Plotted"
"JF","1","","","","","6/20/2019 11:56:39 AM","","","","","","","","","","","","Plotted"
"JS","2","","","","6/20/2019 11:56:17 AM","","dngo","<<Unnamed Profile>>","","","","","","","","","",""
"SH","2","","","","6/20/2019 11:56:17 AM","6/20/2019 11:56:58 AM","","","","M:\Name\ATran\64889\STRUCTURAL\PLAN\4889_PLAN 2.dwg","S-2.2","","","DWG To PDF.pc3","C:\Users\dngo\AppData\Local\Temp\GEPrinting\Plots\4889_PLAN 2_dwg\S-2.2.pdf","ARCH full bleed E1 (30.00 x 42.00 Inches)","0","Plotted"
"JF","2","","","","","6/20/2019 11:56:59 AM","","","","","","","","","","","","Plotted"
"JS","2","","","","6/20/2019 11:57:13 AM","","dngo","<<Unnamed Profile>>","","","","","","","","","",""
"SH","2","","","","6/20/2019 11:57:13 AM","6/20/2019 11:57:16 AM","","","","M:\Name\ATran\64889\STRUCTURAL\PLAN\4889_PLAN 2.dwg","S-2.1A","","","DWG To PDF.pc3","C:\Users\dngo\AppData\Local\Temp\GEPrinting\Plots\4889_PLAN 2_dwg\S-2.1A.pdf","ARCH full bleed E1 (30.00 x 42.00 Inches)","0","Plotted"
"JF","2","","","","","6/20/2019 11:57:16 AM","","","","","","","","","","","","Plotted"
"JS","3","","","","6/20/2019 11:57:33 AM","","dngo","<<Unnamed Profile>>","","","","","","","","","",""
"SH","3","","","","6/20/2019 11:57:33 AM","6/20/2019 11:57:40 AM","","","","M:\Name\ATran\64889\STRUCTURAL\PLAN\4889_PLAN 2.dwg","S-2.3","","","DWG To PDF.pc3","C:\Users\dngo\AppData\Local\Temp\GEPrinting\Plots\4889_PLAN 2_dwg\S-2.3.pdf","ARCH full bleed E1 (30.00 x 42.00 Inches)","0","Plotted"
"JF","3","","","","","6/20/2019 11:57:40 AM","","","","","","","","","","","","Plotted"
"JS","3","","","","6/20/2019 11:57:52 AM","","dngo","<<Unnamed Profile>>","","","","","","","","","",""
"SH","3","","","","6/20/2019 11:57:52 AM","6/20/2019 11:57:55 AM","","","","M:\Name\ATran\64889\STRUCTURAL\PLAN\4889_PLAN 2.dwg","S-2.1B","","","DWG To PDF.pc3","C:\Users\dngo\AppData\Local\Temp\GEPrinting\Plots\4889_PLAN 2_dwg\S-2.1B.pdf","ARCH full bleed E1 (30.00 x 42.00 Inches)","0","Plotted"
"JF","3","","","","","6/20/2019 11:57:55 AM","","","","","","","","","","","","Plotted"
"JS","1","","","","6/20/2019 11:58:22 AM","","dngo","<<Unnamed Profile>>","","","","","","","","","",""
"SH","1","","","","6/20/2019 11:58:22 AM","6/20/2019 11:58:25 AM","","","","M:\Name\ATran\64889\STRUCTURAL\PLAN\4889_PLAN 4.DWG","S-4.1","OCE 30x42","","DWG To PDF.pc3","C:\Users\dngo\AppData\Local\Temp\GEPrinting\Plots\4889_PLAN 4_DWG\S-4.1.pdf","ARCH full bleed E1 (30.00 x 42.00 Inches)","0","Plotted"
"JF","1","","","","","6/20/2019 11:58:25 AM","","","","","","","","","","","","Plotted"
"JS","2","","","","6/20/2019 11:58:29 AM","","dngo","<<Unnamed Profile>>","","","","","","","","","",""
"SH","2","","","","6/20/2019 11:58:29 AM","6/20/2019 11:58:31 AM","","","","M:\Name\ATran\64889\STRUCTURAL\PLAN\4889_PLAN 4.DWG","S-4.1A","OCE 30x42","","DWG To PDF.pc3","C:\Users\dngo\AppData\Local\Temp\GEPrinting\Plots\4889_PLAN 4_DWG\S-4.1A.pdf","ARCH full bleed E1 (30.00 x 42.00 Inches)","0","Plotted"
"JF","2","","","","","6/20/2019 11:58:31 AM","","","","","","","","","","","","Plotted"
"JS","3","","","","6/20/2019 11:58:33 AM","","dngo","<<Unnamed Profile>>","","","","","","","","","",""
"SH","3","","","","6/20/2019 11:58:33 AM","6/20/2019 11:58:35 AM","","","","M:\Name\ATran\64889\STRUCTURAL\PLAN\4889_PLAN 4.DWG","S-4.1B","OCE 30x42","","DWG To PDF.pc3","C:\Users\dngo\AppData\Local\Temp\GEPrinting\Plots\4889_PLAN 4_DWG\S-4.1B.pdf","ARCH full bleed E1 (30.00 x 42.00 Inches)","0","Plotted"
"JF","3","","","","","6/20/2019 11:58:35 AM","","","","","","","","","","","","Plotted"
"JS","1","","","","6/20/2019 11:58:46 AM","","dngo","<<Unnamed Profile>>","","","","","","","","","",""
"SH","1","","","","6/20/2019 11:58:46 AM","6/20/2019 11:58:52 AM","","","","M:\Name\ATran\64889\STRUCTURAL\PLAN\4889_PLAN 4.DWG","S-4.2","OCE 30x42","","DWG To PDF.pc3","C:\Users\dngo\AppData\Local\Temp\GEPrinting\Plots\4889_PLAN 4_DWG\S-4.2.pdf","ARCH full bleed E1 (30.00 x 42.00 Inches)","0","Plotted"
"JF","1","","","","","6/20/2019 11:58:52 AM","","","","","","","","","","","","Plotted"
"JS","2","","","","6/20/2019 11:58:56 AM","","dngo","<<Unnamed Profile>>","","","","","","","","","",""
"SH","2","","","","6/20/2019 11:58:56 AM","6/20/2019 11:58:58 AM","","","","M:\Name\ATran\64889\STRUCTURAL\PLAN\4889_PLAN 4.DWG","S-4.3","OCE 30x42","","DWG To PDF.pc3","C:\Users\dngo\AppData\Local\Temp\GEPrinting\Plots\4889_PLAN 4_DWG\S-4.3.pdf","ARCH full bleed E1 (30.00 x 42.00 Inches)","0","Plotted"
"JF","2","","","","","6/20/2019 11:58:58 AM","","","","","","","","","","","","Plotted"
"JS","3","","","","6/20/2019 11:59:00 AM","","dngo","<<Unnamed Profile>>","","","","","","","","","",""
"SH","3","","","","6/20/2019 11:59:00 AM","6/20/2019 11:59:01 AM","","","","M:\Name\ATran\64889\STRUCTURAL\PLAN\4889_PLAN 4.DWG","S-4.4","OCE 30x42","","DWG To PDF.pc3","C:\Users\dngo\AppData\Local\Temp\GEPrinting\Plots\4889_PLAN 4_DWG\S-4.4.pdf","ARCH full bleed E1 (30.00 x 42.00 Inches)","0","Plotted"
"JF","3","","","","","6/20/2019 11:59:01 AM","","","","","","","","","","","","Plotted"
"JS","1","","","","6/20/2019 11:58:36 AM","","dngo","<<Unnamed Profile>>","","","","","","","","","",""
"SH","1","","","","6/20/2019 11:58:36 AM","6/20/2019 11:59:03 AM","","","","M:\Name\ATran\64889\STRUCTURAL\PLAN\4889_PLAN 2.dwg","S-2.4","","","DWG To PDF.pc3","C:\Users\dngo\AppData\Local\Temp\GEPrinting\Plots\4889_PLAN 2_dwg\S-2.4.pdf","ARCH full bleed E1 (30.00 x 42.00 Inches)","0","Plotted"
"JF","1","","","","","6/20/2019 11:59:03 AM","","","","","","","","","","","","Plotted"
"JS","1","","","","6/20/2019 11:59:14 AM","","dngo","<<Unnamed Profile>>","","","","","","","","","",""
"SH","1","","","","6/20/2019 11:59:14 AM","6/20/2019 11:59:19 AM","","","","M:\Name\ATran\64889\STRUCTURAL\PLAN\4889_PLAN 4.DWG","S-4.5","OCE 30x42","","DWG To PDF.pc3","C:\Users\dngo\AppData\Local\Temp\GEPrinting\Plots\4889_PLAN 4_DWG\S-4.5.pdf","ARCH full bleed E1 (30.00 x 42.00 Inches)","0","Plotted"
"JF","1","","","","","6/20/2019 11:59:19 AM","","","","","","","","","","","","Plotted"
"JS","2","","","","6/20/2019 11:59:28 AM","","dngo","<<Unnamed Profile>>","","","","","","","","","",""
"SH","2","","","","6/20/2019 11:59:28 AM","6/20/2019 11:59:32 AM","","","","M:\Name\ATran\64889\STRUCTURAL\PLAN\4889_PLAN 2.dwg","S-2.5","","","DWG To PDF.pc3","C:\Users\dngo\AppData\Local\Temp\GEPrinting\Plots\4889_PLAN 2_dwg\S-2.5.pdf","ARCH full bleed E1 (30.00 x 42.00 Inches)","0","Plotted"
"JF","2","","","","","6/20/2019 11:59:32 AM","","","","","","","","","","","","Plotted"
"JS","3","","","","6/20/2019 11:59:53 AM","","dngo","<<Unnamed Profile>>","","","","","","","","","",""
"SH","3","","","","6/20/2019 11:59:53 AM","6/20/2019 11:59:57 AM","","","","M:\Name\ATran\64889\STRUCTURAL\PLAN\4889_PLAN 2.dwg","S-2.6","","","DWG To PDF.pc3","C:\Users\dngo\AppData\Local\Temp\GEPrinting\Plots\4889_PLAN 2_dwg\S-2.6.pdf","ARCH full bleed E1 (30.00 x 42.00 Inches)","0","Plotted"
"JF","3","","","","","6/20/2019 11:59:57 AM","","","","","","","","","","","","Plotted"
"JS","1","","","","6/20/2019 1:17:10 PM","","dngo","<<Unnamed Profile>>","","","","","","","","","",""
"SH","1","","","","6/20/2019 1:17:10 PM","6/20/2019 1:17:20 PM","","","","M:\Name\ATran\64889\STRUCTURAL\PLAN\4889_PLAN 6.dwg","S-6.1","OCE 30x42","","DWG To PDF.pc3","C:\Users\dngo\AppData\Local\Temp\GEPrinting\Plots\4889_PLAN 6_dwg\S-6.1.pdf","ARCH full bleed E1 (30.00 x 42.00 Inches)","0","Plotted"
"JF","1","","","","","6/20/2019 1:17:20 PM","","","","","","","","","","","","Plotted"
"JS","1","","","","6/20/2019 1:17:52 PM","","dngo","<<Unnamed Profile>>","","","","","","","","","",""
"SH","1","","","","6/20/2019 1:17:52 PM","6/20/2019 1:17:57 PM","","","","M:\Name\ATran\64889\STRUCTURAL\PLAN\4889_PLAN 6.dwg","S-6.3","OCE 30x42","","DWG To PDF.pc3","C:\Users\dngo\AppData\Local\Temp\GEPrinting\Plots\4889_PLAN 6_dwg\S-6.3.pdf","ARCH full bleed E1 (30.00 x 42.00 Inches)","0","Plotted"
"JF","1","","","","","6/20/2019 1:17:57 PM","","","","","","","","","","","","Plotted"
"JS","2","","","","6/20/2019 1:17:57 PM","","dngo","<<Unnamed Profile>>","","","","","","","","","",""
"SH","2","","","","6/20/2019 1:17:57 PM","6/20/2019 1:18:21 PM","","","","M:\Name\ATran\64889\STRUCTURAL\PLAN\4889_PLAN 6.dwg","S-6.1A","OCE 30x42","","DWG To PDF.pc3","C:\Users\dngo\AppData\Local\Temp\GEPrinting\Plots\4889_PLAN 6_dwg\S-6.1A.pdf","ARCH full bleed E1 (30.00 x 42.00 Inches)","0","Plotted"
"JF","2","","","","","6/20/2019 1:18:21 PM","","","","","","","","","","","","Plotted"
"JS","2","","","","6/20/2019 1:19:18 PM","","dngo","<<Unnamed Profile>>","","","","","","","","","",""
"SH","2","","","","6/20/2019 1:19:18 PM","6/20/2019 1:19:33 PM","","","","M:\Name\ATran\64889\STRUCTURAL\PLAN\4889_PLAN 6.dwg","S-6.4","OCE 30x42","","DWG To PDF.pc3","C:\Users\dngo\AppData\Local\Temp\GEPrinting\Plots\4889_PLAN 6_dwg\S-6.4.pdf","ARCH full bleed E1 (30.00 x 42.00 Inches)","0","Plotted"
"JF","2","","","","","6/20/2019 1:19:33 PM","","","","","","","","","","","","Plotted"
"JS","3","","","","6/20/2019 1:19:45 PM","","dngo","<<Unnamed Profile>>","","","","","","","","","",""
"SH","3","","","","6/20/2019 1:19:46 PM","6/20/2019 1:20:02 PM","","","","M:\Name\ATran\64889\STRUCTURAL\PLAN\4889_PLAN 6.dwg","S-6.2","OCE 30x42","","DWG To PDF.pc3","C:\Users\dngo\AppData\Local\Temp\GEPrinting\Plots\4889_PLAN 6_dwg\S-6.2.pdf","ARCH full bleed E1 (30.00 x 42.00 Inches)","0","Plotted"
"JF","3","","","","","6/20/2019 1:20:02 PM","","","","","","","","","","","","Plotted"
"JS","3","","","","6/20/2019 1:20:51 PM","","dngo","<<Unnamed Profile>>","","","","","","","","","",""
"SH","3","","","","6/20/2019 1:20:51 PM","6/20/2019 1:20:57 PM","","","","M:\Name\ATran\64889\STRUCTURAL\PLAN\4889_PLAN 6.dwg","S-6.5","OCE 30x42","","DWG To PDF.pc3","C:\Users\dngo\AppData\Local\Temp\GEPrinting\Plots\4889_PLAN 6_dwg\S-6.5.pdf","ARCH full bleed E1 (30.00 x 42.00 Inches)","0","Plotted"
"JF","3","","","","","6/20/2019 1:20:57 PM","","","","","","","","","","","","Plotted"
"JS","1","","","","6/20/2019 1:22:27 PM","","dngo","<<Unnamed Profile>>","","","","","","","","","",""
"SH","1","","","","6/20/2019 1:22:27 PM","6/20/2019 1:22:32 PM","","","","M:\Name\ATran\64889\STRUCTURAL\PLAN\4889_PLAN 6.dwg","S-6.6","OCE 30x42","","DWG To PDF.pc3","C:\Users\dngo\AppData\Local\Temp\GEPrinting\Plots\4889_PLAN 6_dwg\S-6.6.pdf","ARCH full bleed E1 (30.00 x 42.00 Inches)","0","Plotted"
"JF","1","","","","","6/20/2019 1:22:32 PM","","","","","","","","","","","","Plotted"
"JS","2","","","","6/20/2019 1:23:18 PM","","dngo","<<Unnamed Profile>>","","","","","","","","","",""
"SH","2","","","","6/20/2019 1:23:18 PM","6/20/2019 1:23:21 PM","","","","M:\Name\ATran\64889\STRUCTURAL\PLAN\4889_PLAN 6.dwg","S-6.7","OCE 30x42","","DWG To PDF.pc3","C:\Users\dngo\AppData\Local\Temp\GEPrinting\Plots\4889_PLAN 6_dwg\S-6.7.pdf","ARCH full bleed E1 (30.00 x 42.00 Inches)","0","Plotted"
"JF","2","","","","","6/20/2019 1:23:21 PM","","","","","","","","","","","","Plotted"
"JS","1","","","","6/20/2019 2:08:30 PM","","dngo","<<Unnamed Profile>>","","","","","","","","","",""
"SH","1","","","","6/20/2019 2:08:30 PM","6/20/2019 2:08:39 PM","","","","M:\Name\ATran\64889\STRUCTURAL\PLAN\4889_PLAN 3.dwg","S-3.1","OCE 30x42","","DWG To PDF.pc3","C:\Users\dngo\AppData\Local\Temp\GEPrinting\Plots\4889_PLAN 3_dwg\S-3.1.pdf","ARCH full bleed E1 (30.00 x 42.00 Inches)","0","Plotted"
"JF","1","","","","","6/20/2019 2:08:39 PM","","","","","","","","","","","","Plotted"
"JS","1","","","","6/20/2019 2:08:35 PM","","dngo","<<Unnamed Profile>>","","","","","","","","","",""
"SH","1","","","","6/20/2019 2:08:35 PM","6/20/2019 2:08:39 PM","","","","M:\Name\ATran\64889\STRUCTURAL\PLAN\4889_PLAN 3.dwg","S-3.1C","OCE 30x42","","DWG To PDF.pc3","C:\Users\dngo\AppData\Local\Temp\GEPrinting\Plots\4889_PLAN 3_dwg\S-3.1C.pdf","ARCH full bleed E1 (30.00 x 42.00 Inches)","0","Plotted"
"JF","1","","","","","6/20/2019 2:08:39 PM","","","","","","","","","","","","Plotted"
"JS","2","","","","6/20/2019 2:09:28 PM","","dngo","<<Unnamed Profile>>","","","","","","","","","",""
"SH","2","","","","6/20/2019 2:09:28 PM","6/20/2019 2:09:30 PM","","","","M:\Name\ATran\64889\STRUCTURAL\PLAN\4889_PLAN 3.dwg","S-3.1D","OCE 30x42","","DWG To PDF.pc3","C:\Users\dngo\AppData\Local\Temp\GEPrinting\Plots\4889_PLAN 3_dwg\S-3.1D.pdf","ARCH full bleed E1 (30.00 x 42.00 Inches)","0","Plotted"
"JF","2","","","","","6/20/2019 2:09:30 PM","","","","","","","","","","","","Plotted"
"JS","2","","","","6/20/2019 2:09:31 PM","","dngo","<<Unnamed Profile>>","","","","","","","","","",""
"SH","2","","","","6/20/2019 2:09:31 PM","6/20/2019 2:09:45 PM","","","","M:\Name\ATran\64889\STRUCTURAL\PLAN\4889_PLAN 3.dwg","S-3.1A","OCE 30x42","","DWG To PDF.pc3","C:\Users\dngo\AppData\Local\Temp\GEPrinting\Plots\4889_PLAN 3_dwg\S-3.1A.pdf","ARCH full bleed E1 (30.00 x 42.00 Inches)","0","Plotted"
"JF","2","","","","","6/20/2019 2:09:45 PM","","","","","","","","","","","","Plotted"
"JS","3","","","","6/20/2019 2:10:26 PM","","dngo","<<Unnamed Profile>>","","","","","","","","","",""
"SH","3","","","","6/20/2019 2:10:26 PM","6/20/2019 2:10:39 PM","","","","M:\Name\ATran\64889\STRUCTURAL\PLAN\4889_PLAN 3.dwg","S-3.2","OCE 30x42","","DWG To PDF.pc3","C:\Users\dngo\AppData\Local\Temp\GEPrinting\Plots\4889_PLAN 3_dwg\S-3.2.pdf","ARCH full bleed E1 (30.00 x 42.00 Inches)","0","Plotted"
"JF","3","","","","","6/20/2019 2:10:39 PM","","","","","","","","","","","","Plotted"
"JS","3","","","","6/20/2019 2:10:40 PM","","dngo","<<Unnamed Profile>>","","","","","","","","","",""
"SH","3","","","","6/20/2019 2:10:40 PM","6/20/2019 2:10:58 PM","","","","M:\Name\ATran\64889\STRUCTURAL\PLAN\4889_PLAN 3.dwg","S-3.1B","OCE 30x42","","DWG To PDF.pc3","C:\Users\dngo\AppData\Local\Temp\GEPrinting\Plots\4889_PLAN 3_dwg\S-3.1B.pdf","ARCH full bleed E1 (30.00 x 42.00 Inches)","0","Plotted"
"JF","3","","","","","6/20/2019 2:10:58 PM","","","","","","","","","","","","Plotted"
"JS","1","","","","6/20/2019 2:12:14 PM","","dngo","<<Unnamed Profile>>","","","","","","","","","",""
"SH","1","","","","6/20/2019 2:12:15 PM","6/20/2019 2:12:20 PM","","","","M:\Name\ATran\64889\STRUCTURAL\PLAN\4889_PLAN 3.dwg","S-3.6","OCE 30x42","","DWG To PDF.pc3","C:\Users\dngo\AppData\Local\Temp\GEPrinting\Plots\4889_PLAN 3_dwg\S-3.6.pdf","ARCH full bleed E1 (30.00 x 42.00 Inches)","0","Plotted"
"JF","1","","","","","6/20/2019 2:12:20 PM","","","","","","","","","","","","Plotted"
"JS","1","","","","6/20/2019 2:12:15 PM","","dngo","<<Unnamed Profile>>","","","","","","","","","",""
"SH","1","","","","6/20/2019 2:12:15 PM","6/20/2019 2:12:27 PM","","","","M:\Name\ATran\64889\STRUCTURAL\PLAN\4889_PLAN 3.dwg","S-3.3","OCE 30x42","","DWG To PDF.pc3","C:\Users\dngo\AppData\Local\Temp\GEPrinting\Plots\4889_PLAN 3_dwg\S-3.3.pdf","ARCH full bleed E1 (30.00 x 42.00 Inches)","0","Plotted"
"JF","1","","","","","6/20/2019 2:12:27 PM","","","","","","","","","","","","Plotted"
"JS","2","","","","6/20/2019 2:13:20 PM","","dngo","<<Unnamed Profile>>","","","","","","","","","",""
"SH","2","","","","6/20/2019 2:13:20 PM","6/20/2019 2:13:28 PM","","","","M:\Name\ATran\64889\STRUCTURAL\PLAN\4889_PLAN 3.dwg","S-3.7","OCE 30x42","","DWG To PDF.pc3","C:\Users\dngo\AppData\Local\Temp\GEPrinting\Plots\4889_PLAN 3_dwg\S-3.7.pdf","ARCH full bleed E1 (30.00 x 42.00 Inches)","0","Plotted"
"JF","2","","","","","6/20/2019 2:13:28 PM","","","","","","","","","","","","Plotted"
"JS","2","","","","6/20/2019 2:13:20 PM","","dngo","<<Unnamed Profile>>","","","","","","","","","",""
"SH","2","","","","6/20/2019 2:13:20 PM","6/20/2019 2:13:31 PM","","","","M:\Name\ATran\64889\STRUCTURAL\PLAN\4889_PLAN 3.dwg","S-3.4","OCE 30x42","","DWG To PDF.pc3","C:\Users\dngo\AppData\Local\Temp\GEPrinting\Plots\4889_PLAN 3_dwg\S-3.4.pdf","ARCH full bleed E1 (30.00 x 42.00 Inches)","0","Plotted"
"JF","2","","","","","6/20/2019 2:13:31 PM","","","","","","","","","","","","Plotted"
"JS","3","","","","6/20/2019 2:14:21 PM","","dngo","<<Unnamed Profile>>","","","","","","","","","",""
"SH","3","","","","6/20/2019 2:14:21 PM","6/20/2019 2:14:24 PM","","","","M:\Name\ATran\64889\STRUCTURAL\PLAN\4889_PLAN 3.dwg","S-3.8","OCE 30x42","","DWG To PDF.pc3","C:\Users\dngo\AppData\Local\Temp\GEPrinting\Plots\4889_PLAN 3_dwg\S-3.8.pdf","ARCH full bleed E1 (30.00 x 42.00 Inches)","0","Plotted"
"JF","3","","","","","6/20/2019 2:14:24 PM","","","","","","","","","","","","Plotted"
"JS","3","","","","6/20/2019 2:14:22 PM","","dngo","<<Unnamed Profile>>","","","","","","","","","",""
"SH","3","","","","6/20/2019 2:14:22 PM","6/20/2019 2:14:31 PM","","","","M:\Name\ATran\64889\STRUCTURAL\PLAN\4889_PLAN 3.dwg","S-3.5","OCE 30x42","","DWG To PDF.pc3","C:\Users\dngo\AppData\Local\Temp\GEPrinting\Plots\4889_PLAN 3_dwg\S-3.5.pdf","ARCH full bleed E1 (30.00 x 42.00 Inches)","0","Plotted"
"JF","3","","","","","6/20/2019 2:14:31 PM","","","","","","","","","","","","Plotted"
"JS","1","","","","6/20/2019 2:15:31 PM","","dngo","<<Unnamed Profile>>","","","","","","","","","",""
"SH","1","","","","6/20/2019 2:15:31 PM","6/20/2019 2:15:32 PM","","","","M:\Name\ATran\64889\STRUCTURAL\PLAN\4889_PLAN 3.dwg","S-3.9","OCE 30x42","","DWG To PDF.pc3","C:\Users\dngo\AppData\Local\Temp\GEPrinting\Plots\4889_PLAN 3_dwg\S-3.9.pdf","ARCH full bleed E1 (30.00 x 42.00 Inches)","0","Plotted"
"JF","1","","","","","6/20/2019 2:15:32 PM","","","","","","","","","","","","Plotted"
"JS","1","","","","6/20/2019 2:28:46 PM","","dngo","<<Unnamed Profile>>","","","","","","","","","",""
"SH","1","","","","6/20/2019 2:28:46 PM","6/20/2019 2:28:50 PM","","","","M:\Name\ATran\64889\STRUCTURAL\PLAN\4889_PLAN 1.dwg","S-1.1C","","","DWG To PDF.pc3","C:\Users\dngo\AppData\Local\Temp\GEPrinting\Plots\4889_PLAN 1_dwg\S-1.1C.pdf","ARCH full bleed E1 (30.00 x 42.00 Inches)","0","Plotted"
"JF","1","","","","","6/20/2019 2:28:50 PM","","","","","","","","","","","","Plotted"
"JS","2","","","","6/20/2019 2:32:44 PM","","dngo","<<Unnamed Profile>>","","","","","","","","","",""
"SH","2","","","","6/20/2019 2:32:44 PM","6/20/2019 2:32:53 PM","","","","M:\Name\ATran\64889\STRUCTURAL\PLAN\4889_PLAN 1.dwg","S-1.1A","","","DWG To PDF.pc3","C:\Users\dngo\AppData\Local\Temp\GEPrinting\Plots\4889_PLAN 1_dwg\S-1.1A.pdf","ARCH full bleed E1 (30.00 x 42.00 Inches)","0","Plotted"
"JF","2","","","","","6/20/2019 2:32:53 PM","","","","","","","","","","","","Plotted"
"JS","3","","","","6/20/2019 2:36:51 PM","","dngo","<<Unnamed Profile>>","","","","","","","","","",""
"SH","3","","","","6/20/2019 2:36:51 PM","6/20/2019 2:36:58 PM","","","","M:\Name\ATran\64889\STRUCTURAL\PLAN\4889_PLAN 1.dwg","S-1.1B","","","DWG To PDF.pc3","C:\Users\dngo\AppData\Local\Temp\GEPrinting\Plots\4889_PLAN 1_dwg\S-1.1B.pdf","ARCH full bleed E1 (30.00 x 42.00 Inches)","0","Plotted"
"JF","3","","","","","6/20/2019 2:36:58 PM","","","","","","","","","","","","Plotted"
"JS","1","","","","6/20/2019 2:42:50 PM","","dngo","<<Unnamed Profile>>","","","","","","","","","",""
"SH","1","","","","6/20/2019 2:42:50 PM","6/20/2019 2:42:58 PM","","","","M:\Name\ATran\64889\STRUCTURAL\PLAN\4889_PLAN 1.dwg","S-1X.1","","","DWG To PDF.pc3","C:\Users\dngo\AppData\Local\Temp\GEPrinting\Plots\4889_PLAN 1_dwg\S-1X.1.pdf","ARCH full bleed E1 (30.00 x 42.00 Inches)","0","Plotted"
"JF","1","","","","","6/20/2019 2:42:58 PM","","","","","","","","","","","","Plotted"
"JS","1","","","","6/20/2019 2:42:52 PM","","dngo","<<Unnamed Profile>>","","","","","","","","","",""
"SH","1","","","","6/20/2019 2:42:52 PM","6/20/2019 2:43:03 PM","","","","M:\Name\ATran\64889\STRUCTURAL\PLAN\4889_PLAN 1.dwg","S-1.4","","","DWG To PDF.pc3","C:\Users\dngo\AppData\Local\Temp\GEPrinting\Plots\4889_PLAN 1_dwg\S-1.4.pdf","ARCH full bleed E1 (30.00 x 42.00 Inches)","0","Plotted"
"JF","1","","","","","6/20/2019 2:43:03 PM","","","","","","","","","","","","Plotted"
"JS","2","","","","6/20/2019 2:46:50 PM","","dngo","<<Unnamed Profile>>","","","","","","","","","",""
"SH","2","","","","6/20/2019 2:46:50 PM","6/20/2019 2:46:58 PM","","","","M:\Name\ATran\64889\STRUCTURAL\PLAN\4889_PLAN 1.dwg","S-1X.1A","","","DWG To PDF.pc3","C:\Users\dngo\AppData\Local\Temp\GEPrinting\Plots\4889_PLAN 1_dwg\S-1X.1A.pdf","ARCH full bleed E1 (30.00 x 42.00 Inches)","0","Plotted"
"JF","2","","","","","6/20/2019 2:46:58 PM","","","","","","","","","","","","Plotted"
"JS","2","","","","6/20/2019 2:46:53 PM","","dngo","<<Unnamed Profile>>","","","","","","","","","",""
"SH","2","","","","6/20/2019 2:46:53 PM","6/20/2019 2:47:04 PM","","","","M:\Name\ATran\64889\STRUCTURAL\PLAN\4889_PLAN 1.dwg","S-1.5","","","DWG To PDF.pc3","C:\Users\dngo\AppData\Local\Temp\GEPrinting\Plots\4889_PLAN 1_dwg\S-1.5.pdf","ARCH full bleed E1 (30.00 x 42.00 Inches)","0","Plotted"
"JF","2","","","","","6/20/2019 2:47:04 PM","","","","","","","","","","","","Plotted"
"JS","3","","","","6/20/2019 2:50:48 PM","","dngo","<<Unnamed Profile>>","","","","","","","","","",""
"SH","3","","","","6/20/2019 2:50:48 PM","6/20/2019 2:50:57 PM","","","","M:\Name\ATran\64889\STRUCTURAL\PLAN\4889_PLAN 1.dwg","S-1X.1B","","","DWG To PDF.pc3","C:\Users\dngo\AppData\Local\Temp\GEPrinting\Plots\4889_PLAN 1_dwg\S-1X.1B.pdf","ARCH full bleed E1 (30.00 x 42.00 Inches)","0","Plotted"
"JF","3","","","","","6/20/2019 2:50:57 PM","","","","","","","","","","","","Plotted"
"JS","3","","","","6/20/2019 2:51:02 PM","","dngo","<<Unnamed Profile>>","","","","","","","","","",""
"SH","3","","","","6/20/2019 2:51:02 PM","6/20/2019 2:51:10 PM","","","","M:\Name\ATran\64889\STRUCTURAL\PLAN\4889_PLAN 1.dwg","S-1.6","","","DWG To PDF.pc3","C:\Users\dngo\AppData\Local\Temp\GEPrinting\Plots\4889_PLAN 1_dwg\S-1.6.pdf","ARCH full bleed E1 (30.00 x 42.00 Inches)","0","Plotted"
"JF","3","","","","","6/20/2019 2:51:10 PM","","","","","","","","","","","","Plotted"
"JS","1","","","","6/20/2019 2:56:16 PM","","dngo","<<Unnamed Profile>>","","","","","","","","","",""
"SH","1","","","","6/20/2019 2:56:16 PM","6/20/2019 2:56:34 PM","","","","M:\Name\ATran\64889\STRUCTURAL\PLAN\4889_PLAN 1.dwg","S-1X.1C","","","DWG To PDF.pc3","C:\Users\dngo\AppData\Local\Temp\GEPrinting\Plots\4889_PLAN 1_dwg\S-1X.1C.pdf","ARCH full bleed E1 (30.00 x 42.00 Inches)","0","Plotted"
"JF","1","","","","","6/20/2019 2:56:34 PM","","","","","","","","","","","","Plotted"
"JS","1","","","","6/20/2019 2:57:08 PM","","dngo","<<Unnamed Profile>>","","","","","","","","","",""
"SH","1","","","","6/20/2019 2:57:08 PM","6/20/2019 2:57:28 PM","","","","M:\Name\ATran\64889\STRUCTURAL\PLAN\4889_PLAN 1.dwg","S-1X.4","","","DWG To PDF.pc3","C:\Users\dngo\AppData\Local\Temp\GEPrinting\Plots\4889_PLAN 1_dwg\S-1X.4.pdf","ARCH full bleed E1 (30.00 x 42.00 Inches)","0","Plotted"
"JF","1","","","","","6/20/2019 2:57:28 PM","","","","","","","","","","","","Plotted"
"JS","2","","","","6/20/2019 3:00:23 PM","","dngo","<<Unnamed Profile>>","","","","","","","","","",""
"SH","2","","","","6/20/2019 3:00:23 PM","6/20/2019 3:00:42 PM","","","","M:\Name\ATran\64889\STRUCTURAL\PLAN\4889_PLAN 1.dwg","S-1X.2","","","DWG To PDF.pc3","C:\Users\dngo\AppData\Local\Temp\GEPrinting\Plots\4889_PLAN 1_dwg\S-1X.2.pdf","ARCH full bleed E1 (30.00 x 42.00 Inches)","0","Plotted"
"JF","2","","","","","6/20/2019 3:00:42 PM","","","","","","","","","","","","Plotted"
"JS","2","","","","6/20/2019 3:01:12 PM","","dngo","<<Unnamed Profile>>","","","","","","","","","",""
"SH","2","","","","6/20/2019 3:01:12 PM","6/20/2019 3:01:32 PM","","","","M:\Name\ATran\64889\STRUCTURAL\PLAN\4889_PLAN 1.dwg","S-1X.5","","","DWG To PDF.pc3","C:\Users\dngo\AppData\Local\Temp\GEPrinting\Plots\4889_PLAN 1_dwg\S-1X.5.pdf","ARCH full bleed E1 (30.00 x 42.00 Inches)","0","Plotted"
"JF","2","","","","","6/20/2019 3:01:32 PM","","","","","","","","","","","","Plotted"
"JS","3","","","","6/20/2019 3:04:21 PM","","dngo","<<Unnamed Profile>>","","","","","","","","","",""
"SH","3","","","","6/20/2019 3:04:21 PM","6/20/2019 3:04:41 PM","","","","M:\Name\ATran\64889\STRUCTURAL\PLAN\4889_PLAN 1.dwg","S-1X.3","","","DWG To PDF.pc3","C:\Users\dngo\AppData\Local\Temp\GEPrinting\Plots\4889_PLAN 1_dwg\S-1X.3.pdf","ARCH full bleed E1 (30.00 x 42.00 Inches)","0","Plotted"
"JF","3","","","","","6/20/2019 3:04:41 PM","","","","","","","","","","","","Plotted"
"JS","3","","","","6/20/2019 3:05:10 PM","","dngo","<<Unnamed Profile>>","","","","","","","","","",""
"SH","3","","","","6/20/2019 3:05:10 PM","6/20/2019 3:05:19 PM","","","","M:\Name\ATran\64889\STRUCTURAL\PLAN\4889_PLAN 1.dwg","S-1X.6","","","DWG To PDF.pc3","C:\Users\dngo\AppData\Local\Temp\GEPrinting\Plots\4889_PLAN 1_dwg\S-1X.6.pdf","ARCH full bleed E1 (30.00 x 42.00 Inches)","0","Plotted"
"JF","3","","","","","6/20/2019 3:05:19 PM","","","","","","","","","","","","Plotted"
"JS","1","","","","6/20/2019 3:16:58 PM","","dngo","<<Unnamed Profile>>","","","","","","","","","",""
"SH","1","","","","6/20/2019 3:16:58 PM","6/20/2019 3:17:02 PM","","","","M:\Name\ATran\64889\STRUCTURAL\PLAN\4889_PLAN 1.dwg","S-1X.6","","","DWG To PDF.pc3","C:\Users\dngo\AppData\Local\Temp\GEPrinting\Plots\4889_PLAN 1_dwg\S-1X.6.pdf","ARCH full bleed E1 (30.00 x 42.00 Inches)","0","Plotted"
"JF","1","","","","","6/20/2019 3:17:02 PM","","","","","","","","","","","","Plotted"
"JS","1","","","","6/20/2019 3:34:16 PM","","dngo","<<Unnamed Profile>>","","","","","","","","","",""
"SH","1","","","","6/20/2019 3:34:16 PM","6/20/2019 3:34:16 PM","","","","M:\Name\ATran\64889\STRUCTURAL\PLAN\4889_GUARDHOUSE VOID.dwg","S-7.1","OCE 30x42","","DWG To PDF.pc3","C:\Users\dngo\AppData\Local\Temp\GEPrinting\Plots\4889_GUARDHOUSE VOID_dwg\S-7.1.pdf","ARCH full bleed E1 (30.00 x 42.00 Inches)","0","Plotted"
"JF","1","","","","","6/20/2019 3:34:16 PM","","","","","","","","","","","","Plotted"
"JS","2","","","","6/20/2019 3:34:16 PM","","dngo","<<Unnamed Profile>>","","","","","","","","","",""
"SH","2","","","","6/20/2019 3:34:16 PM","6/20/2019 3:34:17 PM","","","","M:\Name\ATran\64889\STRUCTURAL\PLAN\4889_GUARDHOUSE VOID.dwg","S-7.2","OCE 30x42","","DWG To PDF.pc3","C:\Users\dngo\AppData\Local\Temp\GEPrinting\Plots\4889_GUARDHOUSE VOID_dwg\S-7.2.pdf","ARCH full bleed E1 (30.00 x 42.00 Inches)","0","Plotted"
"JF","2","","","","","6/20/2019 3:34:17 PM","","","","","","","","","","","","Plotted"
"JS","1","","","","6/20/2019 3:38:09 PM","","dngo","<<Unnamed Profile>>","","","","","","","","","",""
"SH","1","","","","6/20/2019 3:38:09 PM","6/20/2019 3:38:10 PM","","","","M:\Name\ATran\64889\STRUCTURAL\PLAN\4889_GUARDHOUSE VOID.dwg","S-7.1","OCE 30x42","","DWG To PDF.pc3","C:\Users\dngo\AppData\Local\Temp\GEPrinting\Plots\4889_GUARDHOUSE VOID_dwg\S-7.1.pdf","ARCH full bleed E1 (30.00 x 42.00 Inches)","0","Plotted"
"JF","1","","","","","6/20/2019 3:38:10 PM","","","","","","","","","","","","Plotted"
"JS","2","","","","6/20/2019 3:38:10 PM","","dngo","<<Unnamed Profile>>","","","","","","","","","",""
"SH","2","","","","6/20/2019 3:38:10 PM","6/20/2019 3:38:10 PM","","","","M:\Name\ATran\64889\STRUCTURAL\PLAN\4889_GUARDHOUSE VOID.dwg","S-7.2","OCE 30x42","","DWG To PDF.pc3","C:\Users\dngo\AppData\Local\Temp\GEPrinting\Plots\4889_GUARDHOUSE VOID_dwg\S-7.2.pdf","ARCH full bleed E1 (30.00 x 42.00 Inches)","0","Plotted"
"JF","2","","","","","6/20/2019 3:38:10 PM","","","","","","","","","","","","Plotted"
"JS","1","","","","6/20/2019 3:38:31 PM","","dngo","<<Unnamed Profile>>","","","","","","","","","",""
"SH","1","","","","6/20/2019 3:38:31 PM","6/20/2019 3:38:31 PM","","","","M:\Name\ATran\64889\STRUCTURAL\4889_FRAME_NOTE_NEW.dwg","Layout1","","","DWG To PDF.pc3","C:\Users\dngo\AppData\Local\Temp\GEPrinting\Plots\4889_FRAME_NOTE_NEW_dwg\Layout1.pdf","ARCH full bleed D (24.00 x 36.00 Inches)","0","Plotted"
"JF","1","","","","","6/20/2019 3:38:31 PM","","","","","","","","","","","","Plotted"
"JS","1","","","","6/20/2019 3:39:16 PM","","dngo","<<Unnamed Profile>>","","","","","","","","","",""
"SH","1","","","","6/20/2019 3:39:16 PM","6/20/2019 3:39:17 PM","","","","M:\Name\ATran\64889\STRUCTURAL\DET\4889_PT1.dwg","PT-1 (30x42)","OCE 30x42","","DWG To PDF.pc3","C:\Users\dngo\AppData\Local\Temp\GEPrinting\Plots\4889_PT1_dwg\PT-1 (30x42).pdf","ARCH full bleed E1 (30.00 x 42.00 Inches)","0","Plotted"
"JF","1","","","","","6/20/2019 3:39:17 PM","","","","","","","","","","","","Plotted"
"JS","1","","","","6/20/2019 3:40:51 PM","","dngo","<<Unnamed Profile>>","","","","","","","","","",""
"SH","1","","","","6/20/2019 3:40:51 PM","6/20/2019 3:40:53 PM","","","","M:\Name\ATran\64889\STRUCTURAL\DET\4889_SD2.dwg","SD-2 (30x42)","","","DWG To PDF.pc3","C:\Users\dngo\AppData\Local\Temp\GEPrinting\Plots\4889_SD2_dwg\SD-2 (30x42).pdf","ARCH full bleed E1 (30.00 x 42.00 Inches)","0","Plotted"
"JF","1","","","","","6/20/2019 3:40:53 PM","","","","","","","","","","","","Plotted"
"JS","1","","","","6/20/2019 3:40:53 PM","","dngo","<<Unnamed Profile>>","","","","","","","","","",""
"SH","1","","","","6/20/2019 3:40:53 PM","6/20/2019 3:40:54 PM","","","","M:\Name\ATran\64889\STRUCTURAL\DET\4889_PT1.dwg","PT-1 (30x42)","OCE 30x42","","DWG To PDF.pc3","C:\Users\dngo\AppData\Local\Temp\GEPrinting\Plots\4889_PT1_dwg\PT-1 (30x42).pdf","ARCH full bleed E1 (30.00 x 42.00 Inches)","0","Plotted"
"JF","1","","","","","6/20/2019 3:40:54 PM","","","","","","","","","","","","Plotted"
"JS","1","","","","6/20/2019 3:40:58 PM","","dngo","<<Unnamed Profile>>","","","","","","","","","",""
"SH","1","","","","6/20/2019 3:40:58 PM","6/20/2019 3:40:59 PM","","","","M:\Name\ATran\64889\STRUCTURAL\DET\4889_SD4.dwg","SD-4 (30x42)","OCE 30x42","","DWG To PDF.pc3","C:\Users\dngo\AppData\Local\Temp\GEPrinting\Plots\4889_SD4_dwg\SD-4 (30x42).pdf","ARCH full bleed E1 (30.00 x 42.00 Inches)","0","Plotted"
"JF","1","","","","","6/20/2019 3:40:59 PM","","","","","","","","","","","","Plotted"
"JS","1","","","","6/20/2019 3:41:03 PM","","dngo","<<Unnamed Profile>>","","","","","","","","","",""
"SH","1","","","","6/20/2019 3:41:03 PM","6/20/2019 3:41:04 PM","","","","M:\Name\ATran\64889\STRUCTURAL\DET\4889_SN1.dwg","SN-1 (30x42) - plan 1-1x","","","DWG To PDF.pc3","C:\Users\dngo\AppData\Local\Temp\GEPrinting\Plots\4889_SN1_dwg\SN-1 (30x42) - plan 1-1x.pdf","ARCH full bleed E1 (30.00 x 42.00 Inches)","0","Plotted"
"JF","1","","","","","6/20/2019 3:41:04 PM","","","","","","","","","","","","Plotted"
"JS","2","","","","6/20/2019 3:41:04 PM","","dngo","<<Unnamed Profile>>","","","","","","","","","",""
"SH","2","","","","6/20/2019 3:41:04 PM","6/20/2019 3:41:06 PM","","","","M:\Name\ATran\64889\STRUCTURAL\DET\4889_SN1.dwg","SN-1 (30x42) -plan 2","","","DWG To PDF.pc3","C:\Users\dngo\AppData\Local\Temp\GEPrinting\Plots\4889_SN1_dwg\SN-1 (30x42) -plan 2.pdf","ARCH full bleed E1 (30.00 x 42.00 Inches)","0","Plotted"
"JF","2","","","","","6/20/2019 3:41:06 PM","","","","","","","","","","","","Plotted"
"JS","2","","","","6/20/2019 3:41:05 PM","","dngo","<<Unnamed Profile>>","","","","","","","","","",""
"SH","2","","","","6/20/2019 3:41:05 PM","6/20/2019 3:41:07 PM","","","","M:\Name\ATran\64889\STRUCTURAL\DET\4889_SN1.dwg","SN-1 (30x42)- plan 5","","","DWG To PDF.pc3","C:\Users\dngo\AppData\Local\Temp\GEPrinting\Plots\4889_SN1_dwg\SN-1 (30x42)- plan 5.pdf","ARCH full bleed E1 (30.00 x 42.00 Inches)","0","Plotted"
"JF","2","","","","","6/20/2019 3:41:07 PM","","","","","","","","","","","","Plotted"
"JS","3","","","","6/20/2019 3:41:06 PM","","dngo","<<Unnamed Profile>>","","","","","","","","","",""
"SH","3","","","","6/20/2019 3:41:06 PM","6/20/2019 3:41:08 PM","","","","M:\Name\ATran\64889\STRUCTURAL\DET\4889_SN1.dwg","SN-1 (30x42)- plan 3","","","DWG To PDF.pc3","C:\Users\dngo\AppData\Local\Temp\GEPrinting\Plots\4889_SN1_dwg\SN-1 (30x42)- plan 3.pdf","ARCH full bleed E1 (30.00 x 42.00 Inches)","0","Plotted"
"JF","3","","","","","6/20/2019 3:41:08 PM","","","","","","","","","","","","Plotted"
"JS","3","","","","6/20/2019 3:41:07 PM","","dngo","<<Unnamed Profile>>","","","","","","","","","",""
"SH","3","","","","6/20/2019 3:41:07 PM","6/20/2019 3:41:08 PM","","","","M:\Name\ATran\64889\STRUCTURAL\DET\4889_SN1.dwg","SN-1 (30x42)- plan 6","","","DWG To PDF.pc3","C:\Users\dngo\AppData\Local\Temp\GEPrinting\Plots\4889_SN1_dwg\SN-1 (30x42)- plan 6.pdf","ARCH full bleed E1 (30.00 x 42.00 Inches)","0","Plotted"
"JF","3","","","","","6/20/2019 3:41:08 PM","","","","","","","","","","","","Plotted"
"JS","1","","","","6/20/2019 3:41:12 PM","","dngo","<<Unnamed Profile>>","","","","","","","","","",""
"SH","1","","","","6/20/2019 3:41:12 PM","6/20/2019 3:41:13 PM","","","","M:\Name\ATran\64889\STRUCTURAL\DET\4889_SN1.dwg","SN-1 (30x42)I","","","DWG To PDF.pc3","C:\Users\dngo\AppData\Local\Temp\GEPrinting\Plots\4889_SN1_dwg\SN-1 (30x42)I.pdf","ARCH full bleed E1 (30.00 x 42.00 Inches)","0","Plotted"
"JF","1","","","","","6/20/2019 3:41:13 PM","","","","","","","","","","","","Plotted"
"JS","2","","","","6/20/2019 3:41:14 PM","","dngo","<<Unnamed Profile>>","","","","","","","","","",""
"SH","1","","","","6/20/2019 3:41:14 PM","6/20/2019 3:41:15 PM","","","","M:\Name\ATran\64889\STRUCTURAL\DET\4889_SN2.dwg","SN-2 (30x42)","OCE 30x42","","DWG To PDF.pc3","C:\Users\dngo\AppData\Local\Temp\GEPrinting\Plots\4889_SN2_dwg\SN-2 (30x42).pdf","ARCH full bleed E1 (30.00 x 42.00 Inches)","0","Plotted"
"JF","1","","","","","6/20/2019 3:41:15 PM","","","","","","","","","","","","Plotted"
"JS","1","","","","6/20/2019 3:41:22 PM","","dngo","<<Unnamed Profile>>","","","","","","","","","",""
"SH","1","","","","6/20/2019 3:41:22 PM","6/20/2019 3:41:23 PM","","","","M:\Name\ATran\64889\STRUCTURAL\DET\4889_SN3.dwg","SN-3 (30x42)","OCE 30x42","","DWG To PDF.pc3","C:\Users\dngo\AppData\Local\Temp\GEPrinting\Plots\4889_SN3_dwg\SN-3 (30x42).pdf","ARCH full bleed E1 (30.00 x 42.00 Inches)","0","Plotted"
"JF","1","","","","","6/20/2019 3:41:23 PM","","","","","","","","","","","","Plotted"
"JS","1","","","","6/20/2019 3:45:40 PM","","dngo","<<Unnamed Profile>>","","","","","","","","","",""
"SH","1","","","","6/20/2019 3:45:40 PM","6/20/2019 3:45:40 PM","","","","M:\Name\ATran\64889\STRUCTURAL\DET\4889_SN3.dwg","SN-3 (30x42)","OCE 30x42","","DWG To PDF.pc3","C:\Users\dngo\AppData\Local\Temp\GEPrinting\Plots\4889_SN3_dwg\SN-3 (30x42).pdf","ARCH full bleed E1 (30.00 x 42.00 Inches)","0","Plotted"
"JF","1","","","","","6/20/2019 3:45:40 PM","","","","","","","","","","","","Plotted"
"JS","1","","","","6/20/2019 3:45:50 PM","","dngo","<<Unnamed Profile>>","","","","","","","","","",""
"SH","1","","","","6/20/2019 3:45:50 PM","6/20/2019 3:45:51 PM","","","","M:\Name\ATran\64889\STRUCTURAL\DET\4889_SN3.dwg","SN-3 (30x42)","OCE 30x42","","DWG To PDF.pc3","C:\Users\dngo\AppData\Local\Temp\GEPrinting\Plots\4889_SN3_dwg\SN-3 (30x42).pdf","ARCH full bleed E1 (30.00 x 42.00 Inches)","0","Plotted"
"JF","1","","","","","6/20/2019 3:45:51 PM","","","","","","","","","","","","Plotted"
"JS","1","","","","6/20/2019 4:05:48 PM","","dngo","<<Unnamed Profile>>","","","","","","","","","",""
"SH","1","","","","6/20/2019 4:05:48 PM","6/20/2019 4:05:50 PM","","","","M:\Name\ATran\64889\STRUCTURAL\DET\4889_SD2.dwg","SD-2 (30x42)","","","DWG To PDF.pc3","C:\Users\dngo\AppData\Local\Temp\GEPrinting\Plots\4889_SD2_dwg\SD-2 (30x42).pdf","ARCH full bleed E1 (30.00 x 42.00 Inches)","0","Plotted"
"JF","1","","","","","6/20/2019 4:05:50 PM","","","","","","","","","","","","Plotted"
"JS","1","","","","6/20/2019 4:05:49 PM","","dngo","<<Unnamed Profile>>","","","","","","","","","",""
"SH","1","","","","6/20/2019 4:05:49 PM","6/20/2019 4:05:51 PM","","","","M:\Name\ATran\64889\STRUCTURAL\DET\4889_PT1.dwg","PT-1 (30x42)","OCE 30x42","","DWG To PDF.pc3","C:\Users\dngo\AppData\Local\Temp\GEPrinting\Plots\4889_PT1_dwg\PT-1 (30x42).pdf","ARCH full bleed E1 (30.00 x 42.00 Inches)","0","Plotted"
"JF","1","","","","","6/20/2019 4:05:51 PM","","","","","","","","","","","","Plotted"
"JS","1","","","","6/20/2019 4:05:55 PM","","dngo","<<Unnamed Profile>>","","","","","","","","","",""
"SH","1","","","","6/20/2019 4:05:55 PM","6/20/2019 4:05:56 PM","","","","M:\Name\ATran\64889\STRUCTURAL\DET\4889_SD4.dwg","SD-4 (30x42)","OCE 30x42","","DWG To PDF.pc3","C:\Users\dngo\AppData\Local\Temp\GEPrinting\Plots\4889_SD4_dwg\SD-4 (30x42).pdf","ARCH full bleed E1 (30.00 x 42.00 Inches)","0","Plotted"
"JF","1","","","","","6/20/2019 4:05:56 PM","","","","","","","","","","","","Plotted"
"JS","1","","","","6/20/2019 4:05:56 PM","","dngo","<<Unnamed Profile>>","","","","","","","","","",""
"SH","1","","","","6/20/2019 4:05:56 PM","6/20/2019 4:05:57 PM","","","","M:\Name\ATran\64889\STRUCTURAL\DET\4889_SD3.dwg","SD-3 (30x42)","OCE 30x42","","DWG To PDF.pc3","C:\Users\dngo\AppData\Local\Temp\GEPrinting\Plots\4889_SD3_dwg\SD-3 (30x42).pdf","ARCH full bleed E1 (30.00 x 42.00 Inches)","0","Plotted"
"JF","1","","","","","6/20/2019 4:05:57 PM","","","","","","","","","","","","Plotted"
"JS","1","","","","6/20/2019 4:06:00 PM","","dngo","<<Unnamed Profile>>","","","","","","","","","",""
"SH","1","","","","6/20/2019 4:06:00 PM","6/20/2019 4:06:02 PM","","","","M:\Name\ATran\64889\STRUCTURAL\DET\4889_SN1.dwg","SN-1 (30x42) - plan 1-1x","","","DWG To PDF.pc3","C:\Users\dngo\AppData\Local\Temp\GEPrinting\Plots\4889_SN1_dwg\SN-1 (30x42) - plan 1-1x.pdf","ARCH full bleed E1 (30.00 x 42.00 Inches)","0","Plotted"
"JF","1","","","","","6/20/2019 4:06:02 PM","","","","","","","","","","","","Plotted"
"JS","2","","","","6/20/2019 4:06:02 PM","","dngo","<<Unnamed Profile>>","","","","","","","","","",""
"SH","1","","","","6/20/2019 4:06:02 PM","6/20/2019 4:06:04 PM","","","","M:\Name\ATran\64889\STRUCTURAL\DET\4889_SN1.dwg","SN-1 (30x42)- plan 4","","","DWG To PDF.pc3","C:\Users\dngo\AppData\Local\Temp\GEPrinting\Plots\4889_SN1_dwg\SN-1 (30x42)- plan 4.pdf","ARCH full bleed E1 (30.00 x 42.00 Inches)","0","Plotted"
"JF","1","","","","","6/20/2019 4:06:04 PM","","","","","","","","","","","","Plotted"
"JS","3","","","","6/20/2019 4:06:05 PM","","dngo","<<Unnamed Profile>>","","","","","","","","","",""
"SH","2","","","","6/20/2019 4:06:05 PM","6/20/2019 4:06:07 PM","","","","M:\Name\ATran\64889\STRUCTURAL\DET\4889_SN1.dwg","SN-1 (30x42)- plan 5","","","DWG To PDF.pc3","C:\Users\dngo\AppData\Local\Temp\GEPrinting\Plots\4889_SN1_dwg\SN-1 (30x42)- plan 5.pdf","ARCH full bleed E1 (30.00 x 42.00 Inches)","0","Plotted"
"JF","2","","","","","6/20/2019 4:06:07 PM","","","","","","","","","","","","Plotted"
"JS","3","","","","6/20/2019 4:06:07 PM","","dngo","<<Unnamed Profile>>","","","","","","","","","",""
"SH","3","","","","6/20/2019 4:06:07 PM","6/20/2019 4:06:09 PM","","","","M:\Name\ATran\64889\STRUCTURAL\DET\4889_SN1.dwg","SN-1 (30x42)- plan 6","","","DWG To PDF.pc3","C:\Users\dngo\AppData\Local\Temp\GEPrinting\Plots\4889_SN1_dwg\SN-1 (30x42)- plan 6.pdf","ARCH full bleed E1 (30.00 x 42.00 Inches)","0","Plotted"
"JF","3","","","","","6/20/2019 4:06:09 PM","","","","","","","","","","","","Plotted"
"JS","1","","","","6/20/2019 4:06:13 PM","","dngo","<<Unnamed Profile>>","","","","","","","","","",""
"SH","1","","","","6/20/2019 4:06:13 PM","6/20/2019 4:06:14 PM","","","","M:\Name\ATran\64889\STRUCTURAL\DET\4889_SN1.dwg","SN-1 (30x42)I","","","DWG To PDF.pc3","C:\Users\dngo\AppData\Local\Temp\GEPrinting\Plots\4889_SN1_dwg\SN-1 (30x42)I.pdf","ARCH full bleed E1 (30.00 x 42.00 Inches)","0","Plotted"
"JF","1","","","","","6/20/2019 4:06:14 PM","","","","","","","","","","","","Plotted"
"JS","2","","","","6/20/2019 4:06:16 PM","","dngo","<<Unnamed Profile>>","","","","","","","","","",""
"SH","1","","","","6/20/2019 4:06:16 PM","6/20/2019 4:06:17 PM","","","","M:\Name\ATran\64889\STRUCTURAL\DET\4889_SN2.dwg","SN-2 (30x42)","OCE 30x42","","DWG To PDF.pc3","C:\Users\dngo\AppData\Local\Temp\GEPrinting\Plots\4889_SN2_dwg\SN-2 (30x42).pdf","ARCH full bleed E1 (30.00 x 42.00 Inches)","0","Plotted"
"JF","1","","","","","6/20/2019 4:06:17 PM","","","","","","","","","","","","Plotted"
"JS","1","","","","6/20/2019 4:06:27 PM","","dngo","<<Unnamed Profile>>","","","","","","","","","",""
"SH","1","","","","6/20/2019 4:06:27 PM","6/20/2019 4:06:28 PM","","","","M:\Name\ATran\64889\STRUCTURAL\DET\4889_SN3.dwg","SN-3 (30x42)","OCE 30x42","","DWG To PDF.pc3","C:\Users\dngo\AppData\Local\Temp\GEPrinting\Plots\4889_SN3_dwg\SN-3 (30x42).pdf","ARCH full bleed E1 (30.00 x 42.00 Inches)","0","Plotted"
"JF","1","","","","","6/20/2019 4:06:28 PM","","","","","","","","","","","","Plotted"
"JS","1","","","","6/20/2019 4:20:02 PM","","dngo","<<Unnamed Profile>>","","","","","","","","","",""
"SH","1","","","","6/20/2019 4:20:02 PM","6/20/2019 4:20:09 PM","","","","M:\Name\ATran\64889\STRUCTURAL\PLAN\4889_PLAN 6.dwg","S-6.5","OCE 30x42","","DWG To PDF.pc3","C:\Users\dngo\AppData\Local\Temp\GEPrinting\Plots\4889_PLAN 6_dwg\S-6.5.pdf","ARCH full bleed E1 (30.00 x 42.00 Inches)","0","Plotted"
"JF","1","","","","","6/20/2019 4:20:09 PM","","","","","","","","","","","","Plotted"
"JS","2","","","","6/20/2019 4:20:57 PM","","dngo","<<Unnamed Profile>>","","","","","","","","","",""
"SH","2","","","","6/20/2019 4:20:57 PM","6/20/2019 4:21:03 PM","","","","M:\Name\ATran\64889\STRUCTURAL\PLAN\4889_PLAN 6.dwg","S-6.6","OCE 30x42","","DWG To PDF.pc3","C:\Users\dngo\AppData\Local\Temp\GEPrinting\Plots\4889_PLAN 6_dwg\S-6.6.pdf","ARCH full bleed E1 (30.00 x 42.00 Inches)","0","Plotted"
"JF","2","","","","","6/20/2019 4:21:03 PM","","","","","","","","","","","","Plotted"
"JS","3","","","","6/20/2019 4:21:48 PM","","dngo","<<Unnamed Profile>>","","","","","","","","","",""
"SH","3","","","","6/20/2019 4:21:48 PM","6/20/2019 4:21:50 PM","","","","M:\Name\ATran\64889\STRUCTURAL\PLAN\4889_PLAN 6.dwg","S-6.7","OCE 30x42","","DWG To PDF.pc3","C:\Users\dngo\AppData\Local\Temp\GEPrinting\Plots\4889_PLAN 6_dwg\S-6.7.pdf","ARCH full bleed E1 (30.00 x 42.00 Inches)","0","Plotted"
"JF","3","","","","","6/20/2019 4:21:50 PM","","","","","","","","","","","","Plotted"
"JS","1","","","","6/20/2019 4:45:46 PM","","dngo","<<Unnamed Profile>>","","","","","","","","","",""
"SH","1","","","","6/20/2019 4:45:46 PM","6/20/2019 4:45:46 PM","","","","C:\Users\dngo\Desktop\Drawing1.dwg","Layout1","","","DWG To PDF.pc3","C:\Users\dngo\AppData\Local\Temp\GEPrinting\Plots\Drawing1_dwg\Layout1.pdf","ISO full bleed A1 (841.00 x 594.00 MM)","0","Plotted"
"JF","1","","","","","6/20/2019 4:45:46 PM","","","","","","","","","","","","Plotted"
"JS","2","","","","6/20/2019 4:45:47 PM","","dngo","<<Unnamed Profile>>","","","","","","","","","",""
"SH","2","","","","6/20/2019 4:45:47 PM","6/20/2019 4:45:47 PM","","","","C:\Users\dngo\Desktop\Drawing1.dwg","Layout2","","","DWG To PDF.pc3","C:\Users\dngo\AppData\Local\Temp\GEPrinting\Plots\Drawing1_dwg\Layout2.pdf","ISO full bleed A1 (841.00 x 594.00 MM)","0","Plotted"
"JF","2","","","","","6/20/2019 4:45:47 PM","","","","","","","","","","","","Plotted"
"JS","1","","","","6/20/2019 4:46:04 PM","","dngo","<<Unnamed Profile>>","","","","","","","","","",""
"SH","1","","","","6/20/2019 4:46:04 PM","6/20/2019 4:46:04 PM","","","","C:\Users\dngo\Desktop\Drawing1.dwg","Layout1","","","DWG To PDF.pc3","C:\Users\dngo\AppData\Local\Temp\GEPrinting\Plots\Drawing1_dwg\Layout1.pdf","ISO full bleed A1 (594.00 x 841.00 MM)","0","Plotted"
"JF","1","","","","","6/20/2019 4:46:04 PM","","","","","","","","","","","","Plotted"
"JS","2","","","","6/20/2019 4:46:04 PM","","dngo","<<Unnamed Profile>>","","","","","","","","","",""
"SH","2","","","","6/20/2019 4:46:04 PM","6/20/2019 4:46:04 PM","","","","C:\Users\dngo\Desktop\Drawing1.dwg","Layout2","","","DWG To PDF.pc3","C:\Users\dngo\AppData\Local\Temp\GEPrinting\Plots\Drawing1_dwg\Layout2.pdf","ISO full bleed A1 (594.00 x 841.00 MM)","0","Plotted"
"JF","2","","","","","6/20/2019 4:46:04 PM","","","","","","","","","","","","Plotted"
"JS","1","","","","6/20/2019 4:46:34 PM","","dngo","<<Unnamed Profile>>","","","","","","","","","",""
"SH","1","","","","6/20/2019 4:46:34 PM","6/20/2019 4:46:35 PM","","","","C:\Users\dngo\Desktop\Drawing1.dwg","Layout1","","","DWG To PDF.pc3","C:\Users\dngo\AppData\Local\Temp\GEPrinting\Plots\Drawing1_dwg\Layout1.pdf","ISO full bleed A1 (594.00 x 841.00 MM)","0","Plotted"
"JF","1","","","","","6/20/2019 4:46:35 PM","","","","","","","","","","","","Plotted"
"JS","2","","","","6/20/2019 4:46:35 PM","","dngo","<<Unnamed Profile>>","","","","","","","","","",""
"SH","2","","","","6/20/2019 4:46:35 PM","6/20/2019 4:46:35 PM","","","","C:\Users\dngo\Desktop\Drawing1.dwg","Layout2","","","DWG To PDF.pc3","C:\Users\dngo\AppData\Local\Temp\GEPrinting\Plots\Drawing1_dwg\Layout2.pdf","ISO full bleed A1 (594.00 x 841.00 MM)","0","Plotted"
"JF","2","","","","","6/20/2019 4:46:35 PM","","","","","","","","","","","","Plotted"
"JS","1","","","","6/20/2019 4:47:40 PM","","dngo","<<Unnamed Profile>>","","","","","","","","","",""
"SH","1","","","","6/20/2019 4:47:40 PM","6/20/2019 4:47:40 PM","","","","C:\Users\dngo\Desktop\Drawing1.dwg","Layout1","","","DWG To PDF.pc3","C:\Users\dngo\AppData\Local\Temp\GEPrinting\Plots\Drawing1_dwg\Layout1.pdf","ARCH full bleed D (24.00 x 36.00 Inches)","0","Plotted"
"JF","1","","","","","6/20/2019 4:47:40 PM","","","","","","","","","","","","Plotted"
"JS","2","","","","6/20/2019 4:47:40 PM","","dngo","<<Unnamed Profile>>","","","","","","","","","",""
"SH","2","","","","6/20/2019 4:47:40 PM","6/20/2019 4:47:40 PM","","","","C:\Users\dngo\Desktop\Drawing1.dwg","Layout2","","","DWG To PDF.pc3","C:\Users\dngo\AppData\Local\Temp\GEPrinting\Plots\Drawing1_dwg\Layout2.pdf","ARCH full bleed D (24.00 x 36.00 Inches)","0","Plotted"
"JF","2","","","","","6/20/2019 4:47:40 PM","","","","","","","","","","","","Plotted"
"JS","1","","","","6/20/2019 4:51:43 PM","","dngo","<<Unnamed Profile>>","","","","","","","","","",""
"SH","1","","","","6/20/2019 4:51:43 PM","6/20/2019 4:51:44 PM","","","","C:\Users\dngo\Desktop\Drawing1.dwg","Layout1","","","DWG To PDF.pc3","C:\Users\dngo\AppData\Local\Temp\GEPrinting\Plots\Drawing1_dwg\Layout1.pdf","ARCH full bleed D (24.00 x 36.00 Inches)","0","Plotted"
"JF","1","","","","","6/20/2019 4:51:44 PM","","","","","","","","","","","","Plotted"
"JS","2","","","","6/20/2019 4:51:44 PM","","dngo","<<Unnamed Profile>>","","","","","","","","","",""
"SH","2","","","","6/20/2019 4:51:44 PM","6/20/2019 4:51:44 PM","","","","C:\Users\dngo\Desktop\Drawing1.dwg","Layout2","","","DWG To PDF.pc3","C:\Users\dngo\AppData\Local\Temp\GEPrinting\Plots\Drawing1_dwg\Layout2.pdf","ARCH full bleed D (24.00 x 36.00 Inches)","0","Plotted"
"JF","2","","","","","6/20/2019 4:51:44 PM","","","","","","","","","","","","Plotted"
"JS","1","","","","6/20/2019 4:51:57 PM","","dngo","<<Unnamed Profile>>","","","","","","","","","",""
"SH","1","","","","6/20/2019 4:51:57 PM","6/20/2019 4:51:57 PM","","","","C:\Users\dngo\Desktop\Drawing1.dwg","Layout1","","","DWG To PDF.pc3","C:\Users\dngo\AppData\Local\Temp\GEPrinting\Plots\Drawing1_dwg\Layout1.pdf","ARCH full bleed D (24.00 x 36.00 Inches)","0","Plotted"
"JF","1","","","","","6/20/2019 4:51:57 PM","","","","","","","","","","","","Plotted"
"JS","2","","","","6/20/2019 4:51:58 PM","","dngo","<<Unnamed Profile>>","","","","","","","","","",""
"SH","2","","","","6/20/2019 4:51:58 PM","6/20/2019 4:51:58 PM","","","","C:\Users\dngo\Desktop\Drawing1.dwg","Layout2","","","DWG To PDF.pc3","C:\Users\dngo\AppData\Local\Temp\GEPrinting\Plots\Drawing1_dwg\Layout2.pdf","ARCH full bleed D (24.00 x 36.00 Inches)","0","Plotted"
"JF","2","","","","","6/20/2019 4:51:58 PM","","","","","","","","","","","","Plotted"
"JS","1","","","","6/20/2019 4:52:08 PM","","dngo","<<Unnamed Profile>>","","","","","","","","","",""
"SH","1","","","","6/20/2019 4:52:08 PM","6/20/2019 4:52:08 PM","","","","C:\Users\dngo\Desktop\Drawing1.dwg","Layout1","","","DWG To PDF.pc3","C:\Users\dngo\AppData\Local\Temp\GEPrinting\Plots\Drawing1_dwg\Layout1.pdf","ARCH full bleed D (24.00 x 36.00 Inches)","0","Plotted"
"JF","1","","","","","6/20/2019 4:52:08 PM","","","","","","","","","","","","Plotted"
"JS","2","","","","6/20/2019 4:52:08 PM","","dngo","<<Unnamed Profile>>","","","","","","","","","",""
"SH","2","","","","6/20/2019 4:52:08 PM","6/20/2019 4:52:09 PM","","","","C:\Users\dngo\Desktop\Drawing1.dwg","Layout2","","","DWG To PDF.pc3","C:\Users\dngo\AppData\Local\Temp\GEPrinting\Plots\Drawing1_dwg\Layout2.pdf","ARCH full bleed D (24.00 x 36.00 Inches)","0","Plotted"
"JF","2","","","","","6/20/2019 4:52:09 PM","","","","","","","","","","","","Plotted"
"JS","1","","","","6/20/2019 4:52:46 PM","","dngo","<<Unnamed Profile>>","","","","","","","","","",""
"SH","1","","","","6/20/2019 4:52:46 PM","6/20/2019 4:52:46 PM","","","","C:\Users\dngo\Desktop\Drawing1.dwg","Layout1","","","DWG To PDF.pc3","C:\Users\dngo\AppData\Local\Temp\GEPrinting\Plots\Drawing1_dwg\Layout1.pdf","ARCH full bleed D (24.00 x 36.00 Inches)","0","Plotted"
"JF","1","","","","","6/20/2019 4:52:46 PM","","","","","","","","","","","","Plotted"
"JS","2","","","","6/20/2019 4:52:47 PM","","dngo","<<Unnamed Profile>>","","","","","","","","","",""
"SH","2","","","","6/20/2019 4:52:47 PM","6/20/2019 4:52:47 PM","","","","C:\Users\dngo\Desktop\Drawing1.dwg","Layout2","","","DWG To PDF.pc3","C:\Users\dngo\AppData\Local\Temp\GEPrinting\Plots\Drawing1_dwg\Layout2.pdf","ARCH full bleed D (24.00 x 36.00 Inches)","0","Plotted"
"JF","2","","","","","6/20/2019 4:52:47 PM","","","","","","","","","","","","Plotted"
"JS","1","","","","6/21/2019 9:36:28 AM","","dngo","<<Unnamed Profile>>","","","","","","","","","",""
"SH","1","","","","6/21/2019 9:36:28 AM","6/21/2019 9:36:39 AM","","","","M:\Name\ATran\64889\STRUCTURAL\PLAN\4889_PLAN 5.dwg","S-5.5","OCE 30x42 Bluebeam PDF","","DWG To PDF.pc3","C:\Users\dngo\AppData\Local\Temp\GEPrinting\Plots\4889_PLAN 5_dwg\S-5.5.pdf","ARCH full bleed E1 (30.00 x 42.00 Inches)","0","Plotted"
"JF","1","","","","","6/21/2019 9:36:39 AM","","","","","","","","","","","","Plotted"
